id,first_name,last_name,email,gender,ip_address
1,Karilynn,Glazier,kglazier0@mozilla.com,Genderqueer,186.195.153.123
2,Mikael,Maase,mmaase1@stanford.edu,Male,203.158.175.130
3,Esta,Alexsandrovich,ealexsandrovich2@engadget.com,Female,120.220.144.237
4,Angelle,Comberbach,acomberbach3@newyorker.com,Female,12.198.113.12
5,Chicky,Terris,cterris4@cyberchimps.com,Agender,221.168.179.68
6,Felipa,Gilbard,fgilbard5@wiley.com,Female,135.150.210.194
7,Agna,Arnfield,aarnfield6@bing.com,Female,34.190.138.126
8,Fonzie,Gorringe,fgorringe7@marriott.com,Non-binary,92.29.0.130
9,Hazlett,Tomkiss,htomkiss8@nymag.com,Bigender,156.141.250.76
10,Claudian,Brason,cbrason9@cdc.gov,Male,196.145.159.2
11,Cthrine,Balaison,cbalaisona@vk.com,Female,221.224.214.6
12,Lira,Tallant,ltallantb@addtoany.com,Female,119.26.255.13
13,Reeva,Bywaters,rbywatersc@goo.ne.jp,Female,40.21.250.164
14,Prudence,Dand,pdandd@wix.com,Female,244.48.244.122
15,Delilah,Ogden,dogdene@google.fr,Female,230.232.213.80
16,Fleur,Gounod,fgounodf@redcross.org,Female,130.87.10.64
17,Avictor,Bearfoot,abearfootg@tumblr.com,Male,229.121.81.195
18,Edna,Penley,epenleyh@google.cn,Female,93.188.18.160
19,Kaitlynn,Merkel,kmerkeli@cafepress.com,Female,235.173.153.91
20,Carlin,Utton,cuttonj@springer.com,Male,137.190.179.247
21,Clair,Hagan,chagank@cbsnews.com,Male,159.110.8.242
22,Nealon,Pardew,npardewl@booking.com,Male,35.105.187.221
23,Aurilia,Coltman,acoltmanm@forbes.com,Female,149.147.222.211
24,Jarrid,Sellan,jsellann@phoca.cz,Male,217.234.121.146
25,Martynne,McEachern,mmceacherno@forbes.com,Female,178.237.62.217
26,Frederigo,Netherwood,fnetherwoodp@chron.com,Male,254.184.98.80
27,Derrick,Brereton,dbreretonq@umn.edu,Male,234.212.108.217
28,Raynell,Mollitt,rmollittr@t.co,Female,226.181.93.94
29,Calypso,Handrok,chandroks@independent.co.uk,Genderfluid,244.134.179.199
30,Tansy,Furmonger,tfurmongert@thetimes.co.uk,Female,123.45.123.54
31,Thornie,Shimmings,tshimmingsu@wikispaces.com,Male,235.94.196.221
32,Quinn,Carrack,qcarrackv@google.it,Male,31.207.73.128
33,Nikolaos,Mould,nmouldw@google.de,Male,65.149.149.49
34,Dulcinea,Ziemke,dziemkex@intel.com,Female,142.232.79.231
35,Nance,Cockren,ncockreny@bloglines.com,Female,218.203.187.15
36,Waverly,Ivory,wivoryz@canalblog.com,Male,49.221.132.89
37,Vonny,Cantera,vcantera10@phoca.cz,Female,159.29.0.251
38,Janel,Ibbitson,jibbitson11@princeton.edu,Female,2.21.34.192
39,Dallas,Deeks,ddeeks12@prweb.com,Female,9.60.170.253
40,Kingston,Spere,kspere13@yellowpages.com,Male,183.213.119.253
41,Far,Checchi,fchecchi14@house.gov,Male,220.176.119.147
42,Des,Hadlow,dhadlow15@cbsnews.com,Male,163.174.200.192
43,Nichole,O'Dyvoie,nodyvoie16@de.vu,Female,49.116.57.42
44,Clim,Schelle,cschelle17@moonfruit.com,Male,195.82.2.189
45,Sunny,Naton,snaton18@reddit.com,Female,254.225.70.107
46,Ellswerth,Mingay,emingay19@eventbrite.com,Male,205.3.221.60
47,Charisse,Risbridge,crisbridge1a@discovery.com,Female,30.189.107.70
48,Egbert,Mainson,emainson1b@omniture.com,Male,237.237.119.122
49,Justino,Gaze,jgaze1c@time.com,Male,146.156.6.74
50,Case,Allans,callans1d@nasa.gov,Male,70.178.239.236
51,Sammy,Olliffe,solliffe1e@newsvine.com,Male,61.8.114.11
52,Paige,Bruce,pbruce1f@ucsd.edu,Male,253.102.24.150
53,Latashia,Lghan,llghan1g@blog.com,Female,13.189.188.106
54,Dorothee,Boddam,dboddam1h@delicious.com,Female,118.231.122.70
55,Baillie,Wellman,bwellman1i@indiegogo.com,Male,63.124.238.45
56,Elisa,Wimpenny,ewimpenny1j@blogs.com,Non-binary,78.190.104.110
57,Padraig,Compton,pcompton1k@spiegel.de,Male,87.118.80.218
58,Mayor,Marquot,mmarquot1l@bluehost.com,Bigender,249.152.246.212
59,Roley,Clutten,rclutten1m@bravesites.com,Male,135.99.100.72
60,Neddy,Beumant,nbeumant1n@nyu.edu,Male,26.118.30.6
61,Edd,Martel,emartel1o@imdb.com,Male,218.57.59.70
62,Dean,Profit,dprofit1p@accuweather.com,Male,187.90.141.175
63,Yelena,Quinane,yquinane1q@blogtalkradio.com,Female,100.83.61.2
64,Clayborne,Pischel,cpischel1r@barnesandnoble.com,Male,252.92.172.115
65,Trey,Matyasik,tmatyasik1s@economist.com,Male,250.230.185.182
66,Lorrie,Blunderfield,lblunderfield1t@yahoo.com,Male,7.136.176.74
67,Gilles,Kubal,gkubal1u@bluehost.com,Male,15.184.148.68
68,Lennie,Tolotti,ltolotti1v@deliciousdays.com,Male,122.115.111.78
69,Kimberlee,Goudie,kgoudie1w@chron.com,Female,234.59.112.37
70,Vania,Borzoni,vborzoni1x@theguardian.com,Female,151.242.125.239
71,Salmon,Nottle,snottle1y@earthlink.net,Male,148.217.110.23
72,Genia,Novotni,gnovotni1z@guardian.co.uk,Female,7.195.221.166
73,Ronni,Shermar,rshermar20@privacy.gov.au,Female,22.239.205.59
74,Inger,Quaif,iquaif21@artisteer.com,Male,66.170.179.64
75,Alfred,Corns,acorns22@mysql.com,Male,203.23.62.188
76,Maris,Bargery,mbargery23@virginia.edu,Female,126.194.65.114
77,Ellis,Eric,eeric24@go.com,Male,81.253.81.77
78,Sonny,Ogden,sogden25@engadget.com,Male,83.77.30.69
79,Cleopatra,Jandac,cjandac26@princeton.edu,Female,179.178.215.211
80,Blaire,Schulter,bschulter27@vk.com,Female,20.211.68.190
81,Randy,Inglefield,ringlefield28@over-blog.com,Female,87.199.219.84
82,Katharina,Fricke,kfricke29@vistaprint.com,Female,235.124.244.135
83,Ezra,Matterson,ematterson2a@google.nl,Male,230.248.13.140
84,Karlan,Stollenbecker,kstollenbecker2b@arizona.edu,Male,205.247.149.48
85,Sabina,Micklewright,smicklewright2c@reverbnation.com,Female,200.190.116.139
86,Gay,Addis,gaddis2d@fc2.com,Female,69.194.93.67
87,Alleen,Castano,acastano2e@nasa.gov,Female,45.196.230.83
88,Doralynne,Le Marquand,dlemarquand2f@github.io,Female,172.206.143.240
89,Wendell,Loades,wloades2g@nyu.edu,Male,227.83.33.223
90,Myriam,Fairnie,mfairnie2h@intel.com,Female,15.186.162.181
91,Seymour,Portwaine,sportwaine2i@ow.ly,Male,36.27.102.23
92,Mimi,O' Connell,moconnell2j@youtu.be,Female,127.33.87.98
93,Jeanine,Biffin,jbiffin2k@google.it,Female,33.108.246.177
94,Tonye,MacNockater,tmacnockater2l@wikipedia.org,Female,142.210.253.99
95,Terrence,Grebbin,tgrebbin2m@disqus.com,Male,116.186.177.226
96,Asher,Brideoke,abrideoke2n@shop-pro.jp,Male,76.118.153.134
97,Vernor,Liddiatt,vliddiatt2o@msu.edu,Male,55.211.248.223
98,Clementius,Seton,cseton2p@ftc.gov,Male,50.245.237.155
99,Barron,Chasle,bchasle2q@japanpost.jp,Male,11.69.169.42
100,Kylie,Zanotti,kzanotti2r@amazonaws.com,Female,148.153.141.70
101,Melonie,Dacey,mdacey2s@mashable.com,Female,80.110.159.163
102,Marlane,Vigneron,mvigneron2t@nsw.gov.au,Female,43.137.50.145
103,Kendra,Uccello,kuccello2u@biblegateway.com,Agender,56.228.164.181
104,Gifford,Bumpass,gbumpass2v@unesco.org,Male,20.44.8.87
105,Isabeau,Cheesley,icheesley2w@salon.com,Female,3.208.195.33
106,Ulrich,Brierly,ubrierly2x@arizona.edu,Male,65.145.120.112
107,Van,Freeborn,vfreeborn2y@sina.com.cn,Male,43.41.205.232
108,Maury,Petheridge,mpetheridge2z@purevolume.com,Male,76.61.109.237
109,Bradly,Fleet,bfleet30@sbwire.com,Male,11.185.52.18
110,Gelya,Gilyatt,ggilyatt31@ftc.gov,Genderqueer,143.223.147.61
111,Yasmin,Eyles,yeyles32@rakuten.co.jp,Female,62.31.123.115
112,Julianne,Krochmann,jkrochmann33@usda.gov,Female,149.241.127.127
113,Willyt,Veljes,wveljes34@theglobeandmail.com,Genderfluid,42.180.2.226
114,Cal,Thurlbeck,cthurlbeck35@nature.com,Male,17.203.243.237
115,Margi,Fynan,mfynan36@a8.net,Female,63.203.101.234
116,Anestassia,Orbine,aorbine37@reuters.com,Female,106.127.212.3
117,Mariette,Mum,mmum38@spotify.com,Female,239.240.5.130
118,Desiri,Letterese,dletterese39@ibm.com,Female,51.157.136.231
119,Bay,Purchon,bpurchon3a@youtu.be,Male,93.173.175.170
120,Heywood,Harnetty,hharnetty3b@economist.com,Male,29.136.88.114
121,Mariann,MacCambridge,mmaccambridge3c@mashable.com,Female,54.237.200.229
122,Leone,Le Galle,llegalle3d@cbsnews.com,Female,60.105.128.22
123,Lita,Eakeley,leakeley3e@yandex.ru,Female,114.246.101.100
124,Nydia,Swaddle,nswaddle3f@theatlantic.com,Bigender,33.29.42.235
125,Horatio,Linnard,hlinnard3g@google.com.au,Male,15.138.248.14
126,Clifford,Bette,cbette3h@github.io,Male,167.48.204.131
127,Leonerd,Stuckey,lstuckey3i@cnet.com,Male,149.3.251.238
128,Chrotoem,Blei,cblei3j@infoseek.co.jp,Male,95.149.9.73
129,Naomi,Shapero,nshapero3k@tumblr.com,Female,150.211.94.132
130,Garrett,Brooker,gbrooker3l@sphinn.com,Male,186.115.160.214
131,Ulick,Otson,uotson3m@state.tx.us,Male,69.207.219.224
132,Justen,Lambillion,jlambillion3n@walmart.com,Male,226.222.150.169
133,Ailina,Allchin,aallchin3o@instagram.com,Female,212.217.30.117
134,Alden,Kopfen,akopfen3p@biblegateway.com,Male,151.192.65.176
135,Creight,McGee,cmcgee3q@de.vu,Male,101.56.200.79
136,Cissy,Sharpless,csharpless3r@wordpress.com,Female,232.158.226.70
137,Letty,Duddle,lduddle3s@netvibes.com,Bigender,61.219.93.219
138,Gaspard,Greenstock,ggreenstock3t@dell.com,Male,184.86.196.191
139,Ernesto,Shephard,eshephard3u@scribd.com,Male,133.64.42.59
140,Susie,Cleghorn,scleghorn3v@archive.org,Female,76.210.17.250
141,Brockie,Guilfoyle,bguilfoyle3w@cornell.edu,Male,111.7.18.43
142,Zara,Fildes,zfildes3x@yellowpages.com,Female,2.133.83.213
143,Erhart,Regorz,eregorz3y@amazon.co.jp,Non-binary,210.5.214.12
144,Radcliffe,Blenkinsop,rblenkinsop3z@surveymonkey.com,Male,146.130.147.17
145,Skip,Woolens,swoolens40@nbcnews.com,Male,132.206.167.31
146,Jesse,Brugemann,jbrugemann41@biblegateway.com,Male,107.27.222.177
147,Delilah,Nickoles,dnickoles42@oakley.com,Female,56.201.210.197
148,Winfield,Dumphry,wdumphry43@alibaba.com,Male,92.9.94.76
149,Randy,Murkitt,rmurkitt44@virginia.edu,Male,138.192.50.243
150,Hillyer,McComish,hmccomish45@fema.gov,Male,187.232.57.201
151,Angie,Bircher,abircher46@ox.ac.uk,Male,8.140.173.65
152,Harbert,Stonhard,hstonhard47@stanford.edu,Male,6.151.200.10
153,Deva,Darnborough,ddarnborough48@vinaora.com,Female,245.203.10.247
154,Godfrey,Hammor,ghammor49@google.ca,Male,83.196.88.117
155,Sofie,McGowan,smcgowan4a@va.gov,Female,21.125.127.148
156,Gerald,Sallnow,gsallnow4b@t.co,Non-binary,103.104.240.92
157,Tarrah,Samudio,tsamudio4c@bloomberg.com,Female,199.45.249.72
158,Grantham,Sandwith,gsandwith4d@about.me,Male,7.108.78.192
159,Maridel,Brodhead,mbrodhead4e@furl.net,Female,137.103.27.72
160,Khalil,O'Mara,komara4f@nyu.edu,Male,36.58.138.27
161,Carissa,Rymell,crymell4g@gov.uk,Female,116.60.225.214
162,Tadeo,Daile,tdaile4h@noaa.gov,Male,129.189.138.132
163,Philis,Antoniazzi,pantoniazzi4i@hubpages.com,Female,4.235.226.52
164,Eachelle,Whitham,ewhitham4j@oaic.gov.au,Female,189.148.77.209
165,Kippy,Fritzer,kfritzer4k@nature.com,Female,216.248.128.85
166,Colver,Kobiera,ckobiera4l@free.fr,Male,138.123.135.23
167,Jose,Bloxsom,jbloxsom4m@eventbrite.com,Male,104.217.21.66
168,Connor,Le Barr,clebarr4n@wsj.com,Male,56.81.193.24
169,Myrvyn,Crennell,mcrennell4o@godaddy.com,Male,78.169.13.166
170,Pearline,Wittman,pwittman4p@stumbleupon.com,Female,134.84.48.131
171,Rosella,McLuckie,rmcluckie4q@intel.com,Female,145.193.134.190
172,Mabel,Jeannard,mjeannard4r@nyu.edu,Female,153.12.110.207
173,Chadd,Maden,cmaden4s@utexas.edu,Male,154.180.96.189
174,Claudelle,Hadny,chadny4t@nba.com,Female,97.192.35.195
175,Svend,Linnock,slinnock4u@multiply.com,Male,244.50.249.43
176,Sandro,Totaro,stotaro4v@360.cn,Non-binary,130.217.48.252
177,Madelle,Sayburn,msayburn4w@biglobe.ne.jp,Female,206.243.181.180
178,Briana,Dusting,bdusting4x@goo.gl,Bigender,144.15.159.146
179,Newton,Gaitskill,ngaitskill4y@delicious.com,Male,38.117.199.208
180,Malynda,Gill,mgill4z@canalblog.com,Female,59.233.159.84
181,Lauren,Lownsbrough,llownsbrough50@slashdot.org,Female,154.230.62.8
182,Gus,Lavington,glavington51@amazon.com,Male,0.245.69.46
183,Corie,Stukings,cstukings52@reference.com,Female,244.197.193.137
184,Sheff,Crowth,scrowth53@feedburner.com,Male,150.66.237.84
185,Cull,Backshaw,cbackshaw54@ow.ly,Male,93.136.60.176
186,Odille,Ormston,oormston55@twitter.com,Female,25.216.22.80
187,Cassandra,Pearsey,cpearsey56@google.ca,Female,72.225.190.142
188,Latisha,Hilary,lhilary57@elpais.com,Female,139.75.22.166
189,Desmond,Holbarrow,dholbarrow58@so-net.ne.jp,Genderqueer,218.190.38.133
190,Gearard,Janecek,gjanecek59@hp.com,Male,178.163.90.177
191,Stephie,Dyett,sdyett5a@oakley.com,Female,209.226.110.172
192,Denys,Luisetti,dluisetti5b@multiply.com,Male,51.231.73.42
193,Corny,Habbijam,chabbijam5c@hostgator.com,Male,155.34.65.209
194,Fraser,Pedrick,fpedrick5d@desdev.cn,Male,109.61.250.234
195,Oswald,Dennant,odennant5e@biglobe.ne.jp,Male,94.255.118.17
196,Koral,Burbage,kburbage5f@uol.com.br,Female,121.199.82.204
197,Isac,Hemeret,ihemeret5g@hostgator.com,Male,85.231.151.136
198,Base,Baroux,bbaroux5h@scientificamerican.com,Male,42.174.198.162
199,Angel,Shorbrook,ashorbrook5i@uol.com.br,Female,98.229.129.255
200,Annalise,Humfrey,ahumfrey5j@over-blog.com,Female,101.191.133.72
201,Sinclair,O'Skehan,soskehan5k@freewebs.com,Male,185.105.184.124
202,Julie,McClean,jmcclean5l@unblog.fr,Female,21.26.211.221
203,Elayne,Freire,efreire5m@behance.net,Female,67.207.106.255
204,Abrahan,Eseler,aeseler5n@google.com,Male,45.74.16.27
205,Oralla,Voss,ovoss5o@shutterfly.com,Female,3.162.126.212
206,Munroe,Ripon,mripon5p@typepad.com,Male,24.120.101.125
207,Gilbertine,Daybell,gdaybell5q@godaddy.com,Female,192.145.129.250
208,Gene,Franssen,gfranssen5r@biblegateway.com,Genderqueer,0.17.58.108
209,Corry,Redfield,credfield5s@diigo.com,Female,115.187.145.93
210,Dixie,Gergely,dgergely5t@google.es,Female,200.163.57.178
211,Tobie,Flintiff,tflintiff5u@php.net,Male,78.227.171.99
212,Mackenzie,Bohman,mbohman5v@europa.eu,Male,239.131.211.53
213,Nehemiah,Maestrini,nmaestrini5w@mtv.com,Male,49.16.111.67
214,Cassey,Smedley,csmedley5x@comsenz.com,Female,41.98.23.65
215,Marena,Goudard,mgoudard5y@yellowbook.com,Female,31.47.132.50
216,Gladys,Richford,grichford5z@usda.gov,Female,125.235.155.210
217,Toiboid,McManamon,tmcmanamon60@bloglovin.com,Male,244.162.78.181
218,Angelo,McShee,amcshee61@wiley.com,Male,79.13.224.147
219,Horacio,Bowgen,hbowgen62@wisc.edu,Male,166.172.105.53
220,Michel,Velten,mvelten63@goo.gl,Female,241.104.31.235
221,Osbourne,Bullant,obullant64@topsy.com,Male,64.108.236.197
222,Olympie,Tebbit,otebbit65@nymag.com,Female,45.235.193.232
223,Brendan,Karpychev,bkarpychev66@ft.com,Male,176.129.27.127
224,Janice,Mynard,jmynard67@elegantthemes.com,Female,199.150.134.193
225,Damien,Behnecken,dbehnecken68@cnn.com,Male,73.180.56.130
226,Merissa,Studdard,mstuddard69@amazon.co.jp,Female,210.152.28.180
227,Ilsa,Blay,iblay6a@yandex.ru,Female,232.21.243.178
228,Zane,Coolahan,zcoolahan6b@wikispaces.com,Male,136.137.171.94
229,Frazier,Chesswas,fchesswas6c@pagesperso-orange.fr,Male,201.234.142.215
230,Agosto,Gregory,agregory6d@bbb.org,Male,137.238.198.241
231,Doll,Pottie,dpottie6e@ow.ly,Female,117.48.61.87
232,Bevan,Condict,bcondict6f@fotki.com,Male,134.177.182.247
233,Sibley,Blowfield,sblowfield6g@cnbc.com,Female,242.149.51.9
234,George,Easeman,geaseman6h@ucsd.edu,Male,20.196.9.64
235,Caro,Node,cnode6i@g.co,Female,248.81.54.194
236,Inge,Tivnan,itivnan6j@alexa.com,Bigender,209.201.195.246
237,Zelda,Antoniat,zantoniat6k@github.io,Female,250.214.192.255
238,Codi,Kipling,ckipling6l@123-reg.co.uk,Female,187.36.201.26
239,Erin,Bousquet,ebousquet6m@sun.com,Male,207.152.151.48
240,Jewel,Kesteven,jkesteven6n@rediff.com,Female,236.185.238.0
241,Karyn,Panks,kpanks6o@yellowpages.com,Female,140.46.92.184
242,Daron,Willavize,dwillavize6p@tripod.com,Female,70.255.54.167
243,Brantley,Dring,bdring6q@parallels.com,Male,219.155.154.165
244,Flss,Hillhouse,fhillhouse6r@addthis.com,Female,53.72.64.202
245,Golda,Zarfat,gzarfat6s@home.pl,Female,26.87.133.160
246,Claudianus,Reams,creams6t@ebay.com,Male,235.45.96.62
247,Mic,Tolomei,mtolomei6u@cnn.com,Male,236.74.179.19
248,Fred,Bigg,fbigg6v@etsy.com,Male,212.234.177.73
249,Hakeem,Macura,hmacura6w@tumblr.com,Male,166.67.14.119
250,Conrade,Itzkovich,citzkovich6x@oakley.com,Male,208.173.181.90
251,Joela,Francesch,jfrancesch6y@dmoz.org,Female,74.108.82.223
252,Faulkner,Rattenbury,frattenbury6z@webmd.com,Male,215.40.5.210
253,Thedrick,Romney,tromney70@un.org,Genderqueer,186.59.58.5
254,Koenraad,Ellaway,kellaway71@slate.com,Bigender,94.217.69.104
255,Wilden,Mumbeson,wmumbeson72@ezinearticles.com,Male,80.165.30.62
256,Norry,Dovermann,ndovermann73@cafepress.com,Female,122.153.247.40
257,Caz,Endley,cendley74@narod.ru,Male,252.108.182.39
258,Julita,Lamming,jlamming75@scientificamerican.com,Female,157.46.32.83
259,Lise,Eighteen,leighteen76@irs.gov,Female,28.44.255.197
260,Noam,Hampson,nhampson77@163.com,Male,46.180.135.24
261,Reamonn,Springtorpe,rspringtorpe78@youku.com,Genderqueer,69.205.161.35
262,Gennifer,Wallbank,gwallbank79@sitemeter.com,Female,174.186.9.97
263,Rachele,Grist,rgrist7a@sitemeter.com,Female,11.73.73.6
264,Edi,Sayles,esayles7b@sakura.ne.jp,Female,209.231.96.207
265,Shea,Costar,scostar7c@wordpress.org,Male,199.109.140.117
266,Quintilla,Jacop,qjacop7d@hubpages.com,Female,135.31.53.93
267,Adriano,Sidden,asidden7e@washingtonpost.com,Male,194.244.153.60
268,Dionisio,Pavic,dpavic7f@mozilla.com,Male,9.138.26.238
269,Fernandina,Norres,fnorres7g@businessinsider.com,Female,28.60.79.83
270,Tommi,Medgewick,tmedgewick7h@goodreads.com,Polygender,244.41.206.156
271,Joaquin,Piddlesden,jpiddlesden7i@miitbeian.gov.cn,Male,51.81.107.167
272,Meridel,Shiril,mshiril7j@mozilla.org,Female,112.22.54.233
273,Georgianna,Jakubski,gjakubski7k@google.ru,Polygender,198.0.35.82
274,Davy,Tittershill,dtittershill7l@house.gov,Male,229.233.176.230
275,Vanny,Kleiser,vkleiser7m@ustream.tv,Female,161.238.253.152
276,Reta,Guinn,rguinn7n@discuz.net,Female,209.198.158.204
277,Kristos,Marzele,kmarzele7o@redcross.org,Male,225.236.115.105
278,Torey,Jeskins,tjeskins7p@ted.com,Female,24.246.54.202
279,Ashely,Whiley,awhiley7q@npr.org,Female,15.184.90.215
280,Laurens,Slowcock,lslowcock7r@squarespace.com,Non-binary,110.186.165.86
281,Irving,Papierz,ipapierz7s@dailymail.co.uk,Male,5.123.175.216
282,Tristam,Yesenev,tyesenev7t@cyberchimps.com,Genderfluid,174.236.136.22
283,Melisandra,Guislin,mguislin7u@theglobeandmail.com,Female,94.141.230.249
284,Hermy,Batting,hbatting7v@delicious.com,Male,208.41.214.123
285,Aloin,Blemen,ablemen7w@sbwire.com,Male,116.137.177.45
286,Shane,Greatbach,sgreatbach7x@google.it,Male,204.164.123.16
287,Christal,Jozsa,cjozsa7y@g.co,Female,101.237.83.137
288,Olenolin,Largen,olargen7z@google.de,Male,101.240.79.241
289,Tandi,Marchant,tmarchant80@about.me,Female,180.22.208.92
290,Arron,McElhargy,amcelhargy81@miibeian.gov.cn,Male,165.237.89.147
291,Bernita,Bleddon,bbleddon82@newsvine.com,Non-binary,230.237.46.43
292,Carlie,Chapiro,cchapiro83@domainmarket.com,Female,13.53.30.203
293,Heall,Gentsch,hgentsch84@scientificamerican.com,Male,235.145.158.211
294,Giffy,Cottam,gcottam85@examiner.com,Male,72.117.115.175
295,Cornelle,Trevethan,ctrevethan86@unesco.org,Female,17.202.88.145
296,Patin,Madigan,pmadigan87@time.com,Male,72.104.221.187
297,June,Aldous,jaldous88@jimdo.com,Female,191.182.79.30
298,Marianna,Gerok,mgerok89@comsenz.com,Female,229.209.16.214
299,Rog,Lemonby,rlemonby8a@amazon.com,Male,65.121.49.125
300,Cahra,Yukhtin,cyukhtin8b@ft.com,Female,217.66.194.38
301,Phebe,Silbersak,psilbersak8c@dailymail.co.uk,Female,217.235.128.42
302,Terri-jo,Wilshere,twilshere8d@51.la,Female,5.212.156.35
303,Judon,Bonallack,jbonallack8e@indiegogo.com,Genderqueer,139.148.89.161
304,Orelle,Ingleby,oingleby8f@fastcompany.com,Female,150.90.68.134
305,Aubry,Noad,anoad8g@scribd.com,Female,153.215.69.111
306,Valentijn,Dunbar,vdunbar8h@earthlink.net,Genderqueer,172.212.187.189
307,Cari,Arkin,carkin8i@devhub.com,Female,141.45.224.199
308,Byron,Saffle,bsaffle8j@apple.com,Male,189.159.129.67
309,Carena,Jekyll,cjekyll8k@ebay.com,Female,126.92.8.64
310,Alphonso,Swendell,aswendell8l@scientificamerican.com,Male,92.126.13.129
311,Janelle,Oatley,joatley8m@nps.gov,Female,3.231.81.29
312,Worth,Capenor,wcapenor8n@naver.com,Male,35.107.26.199
313,Sidoney,Edinborough,sedinborough8o@studiopress.com,Female,218.125.15.214
314,Mae,Boyall,mboyall8p@stumbleupon.com,Female,6.244.68.97
315,Burr,Muffett,bmuffett8q@php.net,Male,58.40.77.58
316,Lacie,Irwin,lirwin8r@tripadvisor.com,Female,202.30.130.51
317,Micki,Dorr,mdorr8s@scientificamerican.com,Female,165.128.57.139
318,Hakeem,Wiper,hwiper8t@pbs.org,Male,254.32.251.31
319,Doralia,Pawels,dpawels8u@vkontakte.ru,Female,249.74.222.188
320,Elissa,Benoey,ebenoey8v@bbb.org,Female,43.16.164.181
321,Hercule,Dingle,hdingle8w@soup.io,Male,84.147.9.79
322,Christie,Griffiths,cgriffiths8x@yellowpages.com,Male,183.105.238.157
323,Rudyard,Da Costa,rdacosta8y@umn.edu,Male,139.255.177.119
324,Mac,Brown,mbrown8z@springer.com,Male,227.127.238.240
325,Sully,Liptrod,sliptrod90@barnesandnoble.com,Male,176.122.13.44
326,Zena,Kerner,zkerner91@yandex.ru,Female,41.80.188.197
327,Ave,Josofovitz,ajosofovitz92@nationalgeographic.com,Male,157.53.18.153
328,Heinrick,Higford,hhigford93@census.gov,Male,61.202.226.174
329,Karlens,Errichelli,kerrichelli94@mayoclinic.com,Male,95.175.237.118
330,Corette,Loughton,cloughton95@ycombinator.com,Agender,112.147.254.197
331,Corissa,Sprulls,csprulls96@lycos.com,Female,89.101.190.84
332,Hyatt,Dowsing,hdowsing97@bbc.co.uk,Male,40.28.81.64
333,Perle,Sturgeon,psturgeon98@vkontakte.ru,Genderfluid,247.192.120.37
334,Nessie,Vidloc,nvidloc99@google.de,Female,206.245.136.19
335,Tod,Trencher,ttrencher9a@php.net,Male,53.137.48.75
336,Cameron,Forrestor,cforrestor9b@dell.com,Non-binary,28.234.53.245
337,Otis,Wildash,owildash9c@1und1.de,Male,187.110.9.33
338,Trip,Gallagher,tgallagher9d@discovery.com,Male,245.189.50.4
339,Herve,Karlicek,hkarlicek9e@ibm.com,Male,16.102.220.2
340,Emmott,Dust,edust9f@fotki.com,Male,133.244.233.65
341,Glenden,Cratchley,gcratchley9g@google.cn,Male,0.194.86.220
342,Neila,Nary,nnary9h@wordpress.com,Female,193.182.89.56
343,Gallard,Ineson,gineson9i@ezinearticles.com,Male,225.85.216.178
344,Dari,Crewdson,dcrewdson9j@creativecommons.org,Female,226.243.135.220
345,Phoebe,Gayter,pgayter9k@springer.com,Female,209.183.152.69
346,Hana,Armfirld,harmfirld9l@chicagotribune.com,Female,74.144.238.62
347,Johannah,Arnow,jarnow9m@microsoft.com,Female,204.158.118.234
348,Gearard,Dufall,gdufall9n@admin.ch,Male,42.207.178.34
349,Quinton,Udey,qudey9o@goo.gl,Male,34.127.9.104
350,Boycie,Child,bchild9p@springer.com,Bigender,139.169.177.21
351,Emelia,Walbrook,ewalbrook9q@tmall.com,Female,133.148.11.181
352,Darnell,Vodden,dvodden9r@hud.gov,Male,103.220.177.41
353,Tod,Gethins,tgethins9s@java.com,Male,181.195.222.21
354,Jacques,Da Costa,jdacosta9t@gov.uk,Male,232.42.159.112
355,Jerry,Prandy,jprandy9u@google.ca,Female,212.199.185.111
356,Dominica,Musker,dmusker9v@shutterfly.com,Female,243.29.84.104
357,Teodoor,Tomkowicz,ttomkowicz9w@tiny.cc,Male,163.242.162.191
358,Bettine,Ormiston,bormiston9x@earthlink.net,Female,140.143.194.131
359,Berri,Nacci,bnacci9y@hubpages.com,Female,135.149.132.138
360,Godwin,McGonnell,gmcgonnell9z@soup.io,Male,58.223.173.186
361,Nata,Lamberth,nlambertha0@nbcnews.com,Female,162.156.64.98
362,Yance,Batisse,ybatissea1@live.com,Male,2.177.94.160
363,Coretta,Shiel,cshiela2@microsoft.com,Female,150.135.58.192
364,Caron,Drinkale,cdrinkalea3@e-recht24.de,Female,120.188.36.97
365,Arv,Ewenson,aewensona4@constantcontact.com,Male,195.138.68.223
366,Sylas,Lobley,slobleya5@newyorker.com,Non-binary,73.30.172.68
367,Teresina,Corcut,tcorcuta6@nature.com,Female,163.137.118.187
368,Grace,Graalman,ggraalmana7@mlb.com,Male,13.113.233.25
369,Merrill,Jerrolt,mjerrolta8@state.gov,Female,91.155.43.125
370,Gallard,Loosley,gloosleya9@rakuten.co.jp,Male,203.113.163.88
371,Kaela,Gilbanks,kgilbanksaa@wikimedia.org,Female,125.49.206.174
372,Allyce,Wilbore,awilboreab@bbc.co.uk,Non-binary,94.86.125.117
373,Aldrich,Liggett,aliggettac@mac.com,Male,193.110.63.182
374,Christin,Fairholm,cfairholmad@sun.com,Non-binary,113.13.199.246
375,Bethena,Fippe,bfippeae@sina.com.cn,Genderqueer,82.153.111.47
376,Pamela,Prise,ppriseaf@ustream.tv,Female,164.47.97.129
377,Griffin,Rayhill,grayhillag@bandcamp.com,Male,158.122.70.173
378,Arline,Vowels,avowelsah@skyrock.com,Female,155.25.229.25
379,Gard,Dourin,gdourinai@topsy.com,Male,145.198.78.57
380,Rosetta,Bowerman,rbowermanaj@pagesperso-orange.fr,Female,84.135.28.161
381,Clemmie,Aers,caersak@mapquest.com,Male,83.252.225.102
382,Georgie,Carillo,gcarilloal@oakley.com,Male,111.7.178.255
383,Jacquelynn,Haughan,jhaughanam@dedecms.com,Female,242.33.208.144
384,Alwin,Lorrimer,alorrimeran@wisc.edu,Genderfluid,205.126.189.38
385,Ruttger,Longlands,rlonglandsao@sourceforge.net,Male,235.62.9.36
386,Delbert,Cowill,dcowillap@dagondesign.com,Male,9.104.216.185
387,Piggy,Beedell,pbeedellaq@google.com,Male,202.34.228.35
388,Gunter,Caldecott,gcaldecottar@uol.com.br,Male,99.235.185.149
389,Keir,Le Count,klecountas@disqus.com,Polygender,146.71.95.13
390,Hillery,Tamplin,htamplinat@theatlantic.com,Male,40.245.80.146
391,Klarika,Willimott,kwillimottau@google.co.jp,Female,71.126.145.210
392,Allina,Vamplers,avamplersav@prnewswire.com,Genderqueer,86.144.102.116
393,Hollyanne,Boulden,hbouldenaw@irs.gov,Female,67.110.33.229
394,Marlena,Espine,mespineax@ucla.edu,Female,91.218.150.239
395,Madelaine,Comini,mcominiay@tinyurl.com,Female,34.64.29.173
396,Jarrett,Bramall,jbramallaz@tinypic.com,Agender,203.169.51.0
397,Elsey,Dunkerton,edunkertonb0@so-net.ne.jp,Female,112.104.231.147
398,Petronia,McLinden,pmclindenb1@discovery.com,Female,155.54.7.67
399,Mar,Dallicott,mdallicottb2@usatoday.com,Male,96.189.89.19
400,Abie,Henrique,ahenriqueb3@google.ru,Male,81.233.118.40
401,Elna,Bendle,ebendleb4@mediafire.com,Female,221.42.44.190
402,Monroe,De Domenici,mdedomenicib5@live.com,Male,174.8.128.149
403,Rodger,Finden,rfindenb6@elegantthemes.com,Male,155.170.217.221
404,Warner,Southorn,wsouthornb7@state.tx.us,Male,205.248.175.140
405,Bili,Scrimshire,bscrimshireb8@google.com.au,Bigender,189.67.164.171
406,Royal,Cope,rcopeb9@fastcompany.com,Male,144.212.34.147
407,Daven,Dillintone,ddillintoneba@altervista.org,Male,121.183.185.201
408,Natalina,Chatwood,nchatwoodbb@netvibes.com,Female,244.35.233.58
409,Harland,MacDunlevy,hmacdunlevybc@macromedia.com,Male,202.174.20.214
410,Stanley,Broseman,sbrosemanbd@weibo.com,Male,126.37.82.219
411,Levy,Stileman,lstilemanbe@nhs.uk,Male,95.78.40.157
412,Laure,Kapelhof,lkapelhofbf@webnode.com,Female,152.8.40.86
413,Corbie,Pymar,cpymarbg@behance.net,Male,105.74.193.31
414,Milty,Wetton,mwettonbh@desdev.cn,Male,24.2.29.136
415,Marion,Schneider,mschneiderbi@issuu.com,Male,196.200.209.190
416,Gawain,Foulgham,gfoulghambj@scribd.com,Male,178.127.145.27
417,Mamie,Tille,mtillebk@liveinternet.ru,Female,229.132.55.65
418,Gonzales,Stallion,gstallionbl@themeforest.net,Male,150.119.52.108
419,Vassily,McDougal,vmcdougalbm@cbsnews.com,Male,81.38.43.223
420,Xylia,Batrip,xbatripbn@wisc.edu,Female,16.79.106.199
421,Brunhilde,Durward,bdurwardbo@psu.edu,Female,17.104.252.252
422,Hewett,De Lasci,hdelascibp@addthis.com,Male,98.212.57.220
423,Aubry,Leask,aleaskbq@timesonline.co.uk,Female,43.105.61.89
424,Ailis,Greaser,agreaserbr@angelfire.com,Female,51.63.191.242
425,Juli,Dilawey,jdilaweybs@virginia.edu,Female,120.142.38.111
426,Chris,Moncrefe,cmoncrefebt@economist.com,Female,12.196.3.60
427,Leonid,Paunton,lpauntonbu@biblegateway.com,Male,75.201.90.176
428,Warner,MacNeachtain,wmacneachtainbv@ustream.tv,Male,42.169.188.159
429,Felic,Spellward,fspellwardbw@reddit.com,Male,240.192.75.74
430,Arielle,Quernel,aquernelbx@mac.com,Female,233.25.74.173
431,Leisha,Kenwin,lkenwinby@hhs.gov,Female,172.209.138.119
432,Bernette,Gayter,bgayterbz@artisteer.com,Female,6.255.206.53
433,Evvie,Ivett,eivettc0@jimdo.com,Female,198.73.172.112
434,Tait,Byng,tbyngc1@ocn.ne.jp,Male,189.81.190.251
435,Desiri,Giraudy,dgiraudyc2@macromedia.com,Female,11.131.197.202
436,Artemus,Vaen,avaenc3@mapy.cz,Male,53.29.9.81
437,Sandro,A'Barrow,sabarrowc4@virginia.edu,Male,238.9.1.192
438,Thadeus,Kittoe,tkittoec5@ucla.edu,Male,90.83.19.215
439,Ferris,Kunkler,fkunklerc6@zdnet.com,Male,201.59.146.250
440,Mose,Dumbarton,mdumbartonc7@toplist.cz,Male,129.14.144.101
441,Wilmar,Freeborne,wfreebornec8@ow.ly,Male,107.147.41.55
442,Park,Robeson,probesonc9@mlb.com,Male,150.96.229.60
443,Joseph,Connors,jconnorsca@google.nl,Male,119.68.180.152
444,Jacob,Snodden,jsnoddencb@java.com,Male,217.243.83.39
445,Alexandra,Cowterd,acowterdcc@cargocollective.com,Female,172.158.250.137
446,Mil,Palfreman,mpalfremancd@reuters.com,Female,96.102.74.26
447,Orson,Ghest,oghestce@sun.com,Male,165.137.102.252
448,Izzy,Trunby,itrunbycf@cnet.com,Male,209.129.111.47
449,Clim,Spofforth,cspofforthcg@globo.com,Male,234.174.24.5
450,Bruno,Jiggle,bjigglech@flickr.com,Male,134.48.110.212
451,Tremain,Gingles,tginglesci@newsvine.com,Male,189.255.105.85
452,Kristina,Paaso,kpaasocj@redcross.org,Female,102.22.122.221
453,Amara,Grinnikov,agrinnikovck@seattletimes.com,Female,49.234.5.72
454,Dedra,Sorton,dsortoncl@arizona.edu,Female,89.181.64.85
455,Cornell,Lowbridge,clowbridgecm@ox.ac.uk,Male,213.220.43.174
456,Gerry,Colleymore,gcolleymorecn@mlb.com,Female,48.179.52.11
457,Jessica,Graveston,jgravestonco@who.int,Female,2.19.131.198
458,Jarrett,Stollen,jstollencp@seesaa.net,Male,126.240.169.64
459,Micheal,Chiddy,mchiddycq@usgs.gov,Male,178.4.90.149
460,Twila,Congreve,tcongrevecr@lulu.com,Female,152.63.25.99
461,Rad,Brettoner,rbrettonercs@theglobeandmail.com,Male,89.42.250.116
462,Allianora,Varley,avarleyct@godaddy.com,Female,170.227.134.192
463,Oralia,Simoes,osimoescu@army.mil,Female,148.221.119.231
464,Winona,Wanek,wwanekcv@businessinsider.com,Female,35.172.192.239
465,Lea,Odde,loddecw@shutterfly.com,Female,152.166.177.137
466,Guillermo,Meddick,gmeddickcx@github.com,Male,102.39.19.62
467,Vernor,Schlagtmans,vschlagtmanscy@amazon.com,Male,219.162.6.84
468,Conney,Lewtey,clewteycz@boston.com,Male,157.168.235.184
469,Muffin,Cellone,mcelloned0@discovery.com,Female,180.66.146.247
470,Bud,Durdle,bdurdled1@xinhuanet.com,Male,80.76.203.168
471,Sharon,Breed,sbreedd2@woothemes.com,Female,60.18.18.206
472,Ira,Conradie,iconradied3@scribd.com,Female,30.235.4.164
473,Kati,O'Doherty,kodohertyd4@reference.com,Female,197.105.93.250
474,Dimitri,Oaten,doatend5@last.fm,Male,143.67.174.191
475,Shana,Staveley,sstaveleyd6@kickstarter.com,Female,111.192.95.239
476,Waldemar,Mabe,wmabed7@twitpic.com,Male,152.37.61.121
477,Ingrim,Ivanchov,iivanchovd8@cam.ac.uk,Genderqueer,214.46.252.61
478,Ryley,Sermin,rsermind9@theguardian.com,Male,170.42.233.90
479,Alfons,Whitfeld,awhitfeldda@wikipedia.org,Male,172.27.15.166
480,Lettie,Kirkby,lkirkbydb@arizona.edu,Female,137.48.10.48
481,Betsy,Pittem,bpittemdc@jugem.jp,Female,144.171.111.102
482,Keenan,Pude,kpudedd@hostgator.com,Male,51.177.144.58
483,Normand,Duffyn,nduffynde@nps.gov,Male,252.238.240.83
484,Saunder,Pioch,spiochdf@google.ru,Male,22.156.43.82
485,Frederic,Grisley,fgrisleydg@nydailynews.com,Genderqueer,248.25.139.31
486,Dorelle,Dessant,ddessantdh@cam.ac.uk,Female,172.15.82.53
487,Lowell,Escritt,lescrittdi@ucsd.edu,Male,231.106.255.212
488,Mel,Collin,mcollindj@biglobe.ne.jp,Female,232.211.49.128
489,Dall,Figure,dfiguredk@feedburner.com,Male,13.60.84.69
490,James,Kleinstub,jkleinstubdl@t.co,Male,241.14.241.152
491,Nollie,Arstingall,narstingalldm@ucoz.ru,Male,144.91.161.167
492,Camella,Stubbin,cstubbindn@cyberchimps.com,Female,140.24.239.29
493,Penrod,Bohman,pbohmando@amazonaws.com,Male,75.126.13.26
494,Dalston,Deely,ddeelydp@mapquest.com,Male,124.55.133.140
495,Alexina,Guilaem,aguilaemdq@chronoengine.com,Female,113.224.93.176
496,Binny,Bailes,bbailesdr@illinois.edu,Female,183.47.250.168
497,Lilith,Rotter,lrotterds@1688.com,Female,33.255.4.24
498,Mordy,Merrifield,mmerrifielddt@squidoo.com,Male,223.243.166.18
499,Paulette,Alforde,palfordedu@360.cn,Female,96.99.90.144
500,Karim,Sherringham,ksherringhamdv@whitehouse.gov,Male,253.189.186.17
501,Flory,Lindenman,flindenmandw@go.com,Male,247.41.74.139
502,Nadia,Carnegy,ncarnegydx@ucla.edu,Female,125.123.157.35
503,Patin,Ginity,pginitydy@pen.io,Male,33.155.207.168
504,Yancey,Brevitt,ybrevittdz@state.tx.us,Male,172.172.29.158
505,Jaymie,Pelham,jpelhame0@ucoz.com,Male,196.41.106.66
506,Robinia,Girodon,rgirodone1@npr.org,Female,249.185.219.214
507,Alyss,Bosche,aboschee2@economist.com,Female,155.142.242.130
508,Estella,Medendorp,emedendorpe3@techcrunch.com,Genderqueer,144.138.117.2
509,Nicolette,Impson,nimpsone4@ftc.gov,Female,194.251.252.9
510,Theresina,Neachell,tneachelle5@free.fr,Female,76.101.248.232
511,Heather,Robottom,hrobottome6@mozilla.com,Female,90.115.182.192
512,Candie,Lynskey,clynskeye7@histats.com,Female,49.163.231.165
513,Albertine,Caustick,acausticke8@nsw.gov.au,Female,128.188.35.39
514,Douglas,Glanert,dglanerte9@printfriendly.com,Male,124.188.66.56
515,Arturo,Conningham,aconninghamea@instagram.com,Male,145.50.147.211
516,Phaidra,Klemencic,pklemenciceb@apache.org,Female,1.191.138.204
517,Teodoro,Andrey,tandreyec@mtv.com,Male,251.95.138.55
518,Conni,Whiff,cwhiffed@ifeng.com,Female,77.79.254.63
519,Alyss,Kyberd,akyberdee@google.ru,Female,8.148.10.11
520,Griffy,Mulberry,gmulberryef@wikia.com,Male,133.194.54.192
521,Conn,Bannon,cbannoneg@ox.ac.uk,Male,59.72.88.46
522,Vivian,Newby,vnewbyeh@blinklist.com,Female,122.58.114.42
523,Bunnie,Wigsell,bwigsellei@ucoz.ru,Female,139.190.231.125
524,Elvira,Atwool,eatwoolej@addthis.com,Female,253.153.195.39
525,Elsworth,Lawfull,elawfullek@goo.gl,Male,231.130.46.56
526,Vince,MacGorrie,vmacgorrieel@baidu.com,Male,246.160.156.186
527,Dilan,O'Hoolahan,dohoolahanem@unesco.org,Male,44.244.206.239
528,Viviene,Brodnecke,vbrodneckeen@reference.com,Female,173.149.236.58
529,Lanae,Urion,lurioneo@ustream.tv,Female,185.194.244.254
530,Antony,Beckensall,abeckensallep@etsy.com,Male,197.217.65.248
531,Coop,Ingliss,cinglisseq@creativecommons.org,Male,39.30.140.217
532,Melamie,Sousa,msousaer@nba.com,Polygender,120.54.117.11
533,Kassie,Camden,kcamdenes@biblegateway.com,Female,221.165.165.115
534,Delphinia,Lubomirski,dlubomirskiet@hexun.com,Female,116.135.142.239
535,Reeba,Mosdall,rmosdalleu@archive.org,Female,105.5.110.145
536,Barty,O'Donohue,bodonohueev@goo.gl,Male,51.72.60.120
537,Adolpho,Pristnor,apristnorew@google.it,Male,70.161.68.86
538,Heindrick,Stanbra,hstanbraex@indiatimes.com,Male,184.2.66.97
539,Sandor,Worsell,sworselley@vimeo.com,Male,44.36.229.34
540,Mair,Freckingham,mfreckinghamez@amazonaws.com,Female,66.129.93.186
541,Jillayne,Britee,jbriteef0@google.pl,Female,10.10.84.168
542,Vanya,Foss,vfossf1@opensource.org,Male,191.84.77.185
543,Sammy,Pledge,spledgef2@studiopress.com,Male,84.202.119.236
544,Modestia,Mablestone,mmablestonef3@sun.com,Female,192.232.147.220
545,Lorain,Wemyss,lwemyssf4@booking.com,Female,219.231.212.188
546,Marylou,Dunan,mdunanf5@github.com,Female,31.253.162.47
547,Meryl,Merwede,mmerwedef6@fc2.com,Male,46.222.54.98
548,Lothaire,Gentery,lgenteryf7@uiuc.edu,Male,84.147.36.81
549,Christen,Tinn,ctinnf8@ihg.com,Female,175.18.120.166
550,Kippy,Prisk,kpriskf9@webs.com,Female,122.58.102.207
551,Cal,Odell,codellfa@sogou.com,Male,214.177.215.155
552,Durward,Worledge,dworledgefb@mozilla.org,Male,111.37.26.134
553,Addie,Kalb,akalbfc@spotify.com,Male,71.43.230.208
554,Dallas,Raund,draundfd@example.com,Male,219.159.88.111
555,Jose,Kuhle,jkuhlefe@usnews.com,Male,105.136.79.228
556,Amalee,Kingsman,akingsmanff@nhs.uk,Female,207.205.30.108
557,Gunner,Impleton,gimpletonfg@themeforest.net,Agender,255.90.165.9
558,Dianna,Greyes,dgreyesfh@is.gd,Female,249.243.157.59
559,Maren,Heel,mheelfi@usgs.gov,Female,167.189.24.86
560,Colman,Morrill,cmorrillfj@epa.gov,Male,222.165.230.148
561,Roberto,Neubigin,rneubiginfk@ibm.com,Male,199.145.76.235
562,Antons,Barritt,abarrittfl@microsoft.com,Male,196.240.131.235
563,Phaidra,Rawles,prawlesfm@i2i.jp,Female,104.11.127.43
564,Chastity,Signore,csignorefn@unc.edu,Female,98.104.94.133
565,Beckie,Jurries,bjurriesfo@shinystat.com,Female,200.143.222.85
566,Joana,Sancias,jsanciasfp@fastcompany.com,Female,72.164.76.221
567,Glenine,Helsby,ghelsbyfq@spotify.com,Female,172.171.8.63
568,Evelina,Biggadyke,ebiggadykefr@i2i.jp,Female,83.22.245.234
569,Lazar,Stallworthy,lstallworthyfs@pinterest.com,Male,226.73.142.95
570,Nina,Purkiss,npurkissft@fastcompany.com,Female,199.47.81.196
571,Ellery,Shingler,eshinglerfu@dell.com,Male,150.140.210.107
572,Craggie,Chiechio,cchiechiofv@sfgate.com,Male,172.158.222.176
573,Thedrick,Poltone,tpoltonefw@is.gd,Male,152.132.71.159
574,Carling,Breach,cbreachfx@uiuc.edu,Male,147.109.57.252
575,Kiri,Coulson,kcoulsonfy@google.com.au,Bigender,120.176.74.161
576,Dusty,Chainey,dchaineyfz@mac.com,Female,28.90.140.245
577,Bobby,Brosius,bbrosiusg0@domainmarket.com,Male,247.216.163.152
578,Haywood,Belhomme,hbelhommeg1@gnu.org,Male,70.248.137.208
579,Risa,Primett,rprimettg2@cocolog-nifty.com,Female,193.189.118.58
580,Norri,Grouen,ngroueng3@jimdo.com,Agender,97.201.251.206
581,Robbin,Andrewartha,randrewarthag4@howstuffworks.com,Female,178.82.13.142
582,Mitchael,Duxbury,mduxburyg5@de.vu,Male,40.3.130.91
583,Lara,Pinar,lpinarg6@yahoo.com,Female,150.132.84.45
584,Wes,Thunder,wthunderg7@seesaa.net,Male,38.165.159.109
585,Brice,Covotto,bcovottog8@etsy.com,Male,66.44.91.47
586,Israel,Trunchion,itrunchiong9@ovh.net,Male,122.198.45.135
587,Louis,Renzo,lrenzoga@cam.ac.uk,Male,208.109.96.165
588,Brooke,Blyth,bblythgb@xing.com,Female,82.188.223.68
589,Kimberlee,Crenage,kcrenagegc@technorati.com,Female,114.186.125.225
590,Babara,Barlee,bbarleegd@vkontakte.ru,Genderfluid,85.103.242.197
591,Junette,Welsby,jwelsbyge@amazonaws.com,Female,128.72.140.255
592,Jim,O'Dea,jodeagf@springer.com,Male,23.33.106.236
593,Albertina,Tuxell,atuxellgg@barnesandnoble.com,Female,93.244.167.171
594,Merle,Akast,makastgh@bbc.co.uk,Female,74.250.111.105
595,Milo,Pescud,mpescudgi@histats.com,Male,219.175.184.165
596,Nelli,Aynscombe,naynscombegj@mayoclinic.com,Female,33.132.194.135
597,Kassandra,Hartfleet,khartfleetgk@bluehost.com,Female,25.144.143.47
598,Candida,McMoyer,cmcmoyergl@imdb.com,Female,150.209.198.163
599,Joyann,Girth,jgirthgm@tumblr.com,Female,46.223.219.194
600,Bunny,Haps,bhapsgn@cnbc.com,Female,240.208.32.165
601,Berti,Abdon,babdongo@google.pl,Male,124.209.188.75
602,Moss,Batrop,mbatropgp@jigsy.com,Male,15.108.157.144
603,Abigael,Maydway,amaydwaygq@mozilla.com,Female,48.134.195.151
604,Kaleb,Gozard,kgozardgr@taobao.com,Male,24.237.53.110
605,Maddi,Hew,mhewgs@twitpic.com,Female,248.63.143.96
606,Nowell,Castellani,ncastellanigt@comsenz.com,Bigender,136.199.203.253
607,Sabina,Gumb,sgumbgu@webmd.com,Female,95.147.88.137
608,Storm,Antuoni,santuonigv@microsoft.com,Female,15.182.1.249
609,Jud,Brinklow,jbrinklowgw@aboutads.info,Male,33.133.101.9
610,Rubi,Meegin,rmeegingx@wikispaces.com,Female,29.166.38.40
611,Estele,Norville,enorvillegy@theguardian.com,Female,185.48.65.174
612,Cheston,Sinncock,csinncockgz@hatena.ne.jp,Male,139.17.59.5
613,Man,Calvey,mcalveyh0@facebook.com,Non-binary,207.58.129.117
614,Eadith,Pettican,epetticanh1@pagesperso-orange.fr,Female,233.39.239.123
615,Ward,Avis,wavish2@marketwatch.com,Genderfluid,20.210.254.167
616,Linus,Frowen,lfrowenh3@phoca.cz,Male,95.2.26.210
617,Hendrik,Faulds,hfauldsh4@virginia.edu,Male,228.181.251.210
618,Hieronymus,MacCague,hmaccagueh5@pbs.org,Male,175.232.217.113
619,Rycca,Veazey,rveazeyh6@reverbnation.com,Female,38.219.248.154
620,Percival,Dennerley,pdennerleyh7@omniture.com,Male,115.239.85.141
621,Susie,Nolder,snolderh8@wunderground.com,Female,135.204.22.188
622,Mehetabel,Bulteel,mbulteelh9@craigslist.org,Female,241.186.255.101
623,Ryann,Synder,rsynderha@studiopress.com,Female,238.95.240.231
624,Knox,Gordon,kgordonhb@whitehouse.gov,Male,24.233.255.230
625,Lusa,Parkman,lparkmanhc@gravatar.com,Polygender,141.162.162.108
626,Brandea,O'Lennachain,bolennachainhd@blinklist.com,Female,173.172.113.56
627,Grenville,Coppard,gcoppardhe@sbwire.com,Male,76.75.107.139
628,Giorgi,Tongue,gtonguehf@dell.com,Male,138.187.134.21
629,Weber,Allder,wallderhg@arstechnica.com,Male,222.210.93.149
630,Ezekiel,Sieghart,esiegharthh@trellian.com,Male,51.247.150.142
631,Brooks,Castletine,bcastletinehi@google.com,Polygender,173.47.39.63
632,Boris,Noirel,bnoirelhj@techcrunch.com,Male,85.213.124.123
633,Ken,Wastell,kwastellhk@instagram.com,Genderfluid,3.99.149.73
634,Town,Osgar,tosgarhl@amazonaws.com,Male,55.42.153.198
635,Geno,Eriksson,gerikssonhm@home.pl,Male,197.216.119.224
636,Dinah,Challis,dchallishn@wp.com,Female,228.37.198.45
637,Bernette,Mersey,bmerseyho@mtv.com,Female,144.200.243.85
638,Rosalyn,Attarge,rattargehp@aol.com,Female,144.231.17.254
639,Valry,Nevill,vnevillhq@hud.gov,Female,109.154.215.206
640,Patty,Gemson,pgemsonhr@chron.com,Female,117.161.83.214
641,Vanni,Acuna,vacunahs@reddit.com,Female,16.192.43.233
642,Emalee,Cello,ecelloht@discuz.net,Female,131.91.66.135
643,Dru,Kensall,dkensallhu@blogs.com,Male,155.176.104.215
644,Leigh,Perassi,lperassihv@live.com,Female,82.11.90.92
645,Mordecai,Mowbury,mmowburyhw@spiegel.de,Non-binary,129.6.47.191
646,Tailor,Brumwell,tbrumwellhx@printfriendly.com,Male,47.213.0.109
647,Giselle,Lambrook,glambrookhy@sbwire.com,Female,79.91.98.225
648,Clive,Thaw,cthawhz@addtoany.com,Bigender,192.227.81.122
649,Pearce,Lyford,plyfordi0@meetup.com,Male,128.85.197.64
650,Aloin,McGaugey,amcgaugeyi1@cloudflare.com,Male,231.195.55.46
651,Karrah,Doumerc,kdoumerci2@cam.ac.uk,Female,180.146.90.99
652,Giorgia,Colbertson,gcolbertsoni3@google.nl,Female,22.69.115.199
653,Aharon,Ramme,arammei4@behance.net,Male,79.25.126.129
654,Sherwynd,Keuneke,skeunekei5@mayoclinic.com,Male,104.138.34.12
655,Stephani,Happs,shappsi6@elegantthemes.com,Female,101.175.65.148
656,Jeralee,Letherbury,jletherburyi7@themeforest.net,Female,45.192.132.87
657,Cort,Kidde,ckiddei8@huffingtonpost.com,Male,153.144.209.68
658,Hyatt,Tartt,htartti9@wikispaces.com,Male,99.231.133.198
659,Gael,Mungan,gmungania@nhs.uk,Male,57.102.0.95
660,Bertie,Whiteson,bwhitesonib@360.cn,Male,56.201.197.208
661,Sayers,Stygall,sstygallic@typepad.com,Male,203.182.56.154
662,Ninnetta,Gasperi,ngasperiid@irs.gov,Female,110.210.157.145
663,Clarey,Ruselin,cruselinie@dropbox.com,Female,250.20.153.239
664,Merry,Cogdell,mcogdellif@etsy.com,Female,130.101.209.31
665,Ellis,Slaymaker,eslaymakerig@flickr.com,Male,67.102.188.235
666,Evered,Tod,etodih@miibeian.gov.cn,Male,206.251.65.31
667,Sherwin,Maskew,smaskewii@bloglovin.com,Male,136.143.194.80
668,Abbot,Linford,alinfordij@dropbox.com,Male,72.232.12.29
669,Allyn,Harly,aharlyik@discovery.com,Female,222.88.232.25
670,Vivienne,Toke,vtokeil@go.com,Female,53.225.22.212
671,Zebedee,McGowran,zmcgowranim@angelfire.com,Male,205.94.102.178
672,Edouard,Mac Giolla Pheadair,emacgiollapheadairin@chronoengine.com,Male,226.61.73.237
673,Aindrea,Lubomirski,alubomirskiio@psu.edu,Female,56.183.1.14
674,Murdoch,Cicero,mciceroip@meetup.com,Male,5.123.72.33
675,Ashien,Regi,aregiiq@miibeian.gov.cn,Female,73.20.0.113
676,Zacharias,Ploughwright,zploughwrightir@uiuc.edu,Male,108.221.85.25
677,Padraig,Pittem,ppittemis@cdc.gov,Male,144.10.226.53
678,Dorotea,Pursehouse,dpursehouseit@hugedomains.com,Female,8.3.232.227
679,Averill,Smale,asmaleiu@guardian.co.uk,Male,17.206.250.57
680,Calvin,Moral,cmoraliv@issuu.com,Male,152.28.93.2
681,Kev,Mattiazzi,kmattiazziiw@macromedia.com,Male,230.132.192.217
682,Valaria,Wickrath,vwickrathix@indiegogo.com,Female,232.73.75.191
683,Zared,Thomason,zthomasoniy@xinhuanet.com,Male,145.159.199.107
684,Johnna,Skaif,jskaifiz@live.com,Female,239.98.180.197
685,Charlot,Vasse,cvassej0@wikia.com,Female,186.209.84.135
686,Jerrylee,Newvell,jnewvellj1@deliciousdays.com,Bigender,46.175.207.183
687,Tracy,Segrott,tsegrottj2@dmoz.org,Female,220.115.31.171
688,Tarra,Boyall,tboyallj3@lycos.com,Agender,199.73.171.99
689,Tildie,Davisson,tdavissonj4@typepad.com,Female,30.218.143.215
690,Marcy,Ashmore,mashmorej5@pinterest.com,Female,71.56.20.160
691,Conway,Gherarducci,cgherarduccij6@cloudflare.com,Male,176.184.126.250
692,Romeo,Ronaldson,rronaldsonj7@technorati.com,Male,230.195.6.69
693,Michaeline,Planque,mplanquej8@wordpress.org,Female,140.207.120.187
694,Fonzie,Windmill,fwindmillj9@huffingtonpost.com,Male,205.1.200.176
695,Ema,Bloxland,ebloxlandja@auda.org.au,Female,190.255.161.133
696,Marcello,Alcoran,malcoranjb@bizjournals.com,Male,30.84.17.158
697,Robers,Lambersen,rlambersenjc@virginia.edu,Male,98.17.98.186
698,Gabriellia,Meadway,gmeadwayjd@gizmodo.com,Polygender,218.192.244.128
699,Clement,Wincom,cwincomje@columbia.edu,Male,48.176.196.115
700,Jeffrey,Galvin,jgalvinjf@washington.edu,Genderfluid,92.7.95.167
701,Urbano,Pietersen,upietersenjg@netlog.com,Male,170.116.168.106
702,Donn,Haddon,dhaddonjh@slideshare.net,Male,32.13.177.207
703,Garvin,Whitehead,gwhiteheadji@bbb.org,Male,219.66.171.64
704,Sile,Haythornthwaite,shaythornthwaitejj@blogspot.com,Non-binary,132.107.97.76
705,Guthry,Gun,ggunjk@ask.com,Male,174.93.172.39
706,Justin,Tesoe,jtesoejl@admin.ch,Male,140.60.249.179
707,Jorry,Newnham,jnewnhamjm@phoca.cz,Female,69.245.83.117
708,Theobald,Dunbobin,tdunbobinjn@baidu.com,Male,94.207.121.121
709,Ester,Wherrett,ewherrettjo@tiny.cc,Female,108.56.135.199
710,Matthus,Boagey,mboageyjp@webeden.co.uk,Male,37.198.183.141
711,Dennis,Carnaman,dcarnamanjq@nature.com,Male,239.70.203.159
712,Erina,Dennison,edennisonjr@unesco.org,Female,68.230.153.183
713,Cherish,Cholwell,ccholwelljs@yellowbook.com,Female,221.164.37.204
714,Cyrus,Jeannequin,cjeannequinjt@delicious.com,Agender,237.19.157.61
715,Newton,Pinilla,npinillaju@webmd.com,Male,71.144.105.127
716,Judah,Kiehne,jkiehnejv@redcross.org,Non-binary,85.222.65.13
717,Imogen,Donaho,idonahojw@ocn.ne.jp,Female,71.127.166.194
718,Teddi,Don,tdonjx@xing.com,Genderfluid,239.223.129.231
719,Nichol,Gurge,ngurgejy@mozilla.org,Female,165.196.202.52
720,Far,Currom,fcurromjz@loc.gov,Male,188.89.168.216
721,Zara,Killough,zkilloughk0@npr.org,Female,101.99.0.255
722,Pansie,Allam,pallamk1@imdb.com,Female,248.35.252.97
723,Syman,Challis,schallisk2@flavors.me,Male,85.87.39.233
724,Olivier,Montez,omontezk3@discovery.com,Male,7.21.108.144
725,Crawford,Krale,ckralek4@mapquest.com,Male,35.240.88.109
726,Tiff,MacPadene,tmacpadenek5@wufoo.com,Polygender,22.129.104.37
727,Spence,Dawney,sdawneyk6@yellowbook.com,Male,199.54.106.138
728,Woodrow,Kunzel,wkunzelk7@state.tx.us,Male,180.230.229.121
729,Lars,Mushart,lmushartk8@google.co.uk,Male,0.198.247.213
730,Billi,Beeke,bbeekek9@imgur.com,Female,232.61.62.143
731,Sylas,Noddles,snoddleska@redcross.org,Male,9.61.74.117
732,Blanch,Ingyon,bingyonkb@networksolutions.com,Genderfluid,190.17.211.202
733,Vally,McCurry,vmccurrykc@github.io,Female,131.155.160.150
734,Cordula,Sudddard,csudddardkd@webmd.com,Genderfluid,166.227.40.219
735,Benni,Templeton,btempletonke@blog.com,Female,86.137.37.178
736,Lucine,Mapis,lmapiskf@hud.gov,Female,92.47.156.42
737,Wendi,Fryatt,wfryattkg@statcounter.com,Female,208.240.175.93
738,Avrit,O'Criane,aocrianekh@xing.com,Female,180.234.34.195
739,Leyla,MacPaike,lmacpaikeki@chron.com,Female,249.67.149.157
740,Kore,Conduit,kconduitkj@hatena.ne.jp,Female,90.68.172.12
741,Brit,Kubiak,bkubiakkk@barnesandnoble.com,Genderqueer,57.9.150.222
742,Mattias,Froggatt,mfroggattkl@51.la,Genderfluid,235.244.163.243
743,Gilemette,Monan,gmonankm@purevolume.com,Female,60.118.233.178
744,Simmonds,Arstall,sarstallkn@liveinternet.ru,Male,159.158.122.35
745,Arni,MacCaig,amaccaigko@t.co,Male,135.4.3.100
746,Irma,Rawstorn,irawstornkp@feedburner.com,Female,21.210.109.58
747,Fina,Indgs,findgskq@rambler.ru,Female,141.201.0.252
748,Regina,Hill,rhillkr@independent.co.uk,Agender,236.198.42.128
749,Grantley,Girt,ggirtks@bluehost.com,Male,44.69.14.220
750,Minta,Risen,mrisenkt@dedecms.com,Female,181.216.25.9
751,Stewart,Windaybank,swindaybankku@cam.ac.uk,Male,17.129.31.120
752,Sibbie,Donalson,sdonalsonkv@gizmodo.com,Female,237.33.131.143
753,Thaddeus,Jendrys,tjendryskw@jigsy.com,Male,24.118.119.78
754,Alfy,McWhorter,amcwhorterkx@zdnet.com,Male,188.135.76.173
755,Jorgan,Gleave,jgleaveky@mapquest.com,Male,3.136.93.216
756,Mateo,Giannotti,mgiannottikz@sfgate.com,Male,56.107.37.22
757,Shandra,Fergie,sfergiel0@cbc.ca,Female,110.128.231.55
758,Georgi,Colling,gcollingl1@edublogs.org,Male,104.114.65.27
759,Katusha,Glendining,kglendiningl2@answers.com,Female,33.203.178.128
760,Lind,Jaggi,ljaggil3@spiegel.de,Polygender,255.38.127.177
761,Forrest,Uren,furenl4@themeforest.net,Male,236.40.8.81
762,Wilbert,Edgerton,wedgertonl5@diigo.com,Male,158.161.34.0
763,Ilysa,Pascow,ipascowl6@go.com,Female,103.59.230.51
764,Rosemary,Peetermann,rpeetermannl7@geocities.com,Female,191.104.133.217
765,Jsandye,Idiens,jidiensl8@posterous.com,Female,143.174.173.135
766,Sib,Isack,sisackl9@oracle.com,Female,169.135.22.197
767,Gnni,Summerskill,gsummerskillla@ask.com,Female,163.195.151.32
768,Sigismondo,Burgher,sburgherlb@ed.gov,Male,10.78.40.95
769,Trudie,Rhymer,trhymerlc@imageshack.us,Female,173.212.242.77
770,Flem,Lafontaine,flafontaineld@cmu.edu,Genderqueer,4.65.110.161
771,Caryl,Bowra,cbowrale@baidu.com,Female,193.74.253.36
772,Ricardo,Kayes,rkayeslf@360.cn,Male,206.84.91.87
773,Clemente,Hale,chalelg@redcross.org,Male,100.6.113.179
774,Cary,Caughan,ccaughanlh@utexas.edu,Female,101.168.118.182
775,Cookie,Bolitho,cbolitholi@topsy.com,Female,99.87.132.228
776,Ignazio,Moulson,imoulsonlj@un.org,Male,26.196.78.192
777,Ives,Josovitz,ijosovitzlk@stumbleupon.com,Male,190.95.140.38
778,Micky,Skatcher,mskatcherll@unblog.fr,Male,223.7.4.184
779,Calv,Goodbanne,cgoodbannelm@cisco.com,Male,58.208.69.49
780,Cale,Jordin,cjordinln@mashable.com,Male,179.44.63.15
781,Roxie,Gitsham,rgitshamlo@newyorker.com,Female,94.20.33.104
782,Gannon,Arghent,garghentlp@123-reg.co.uk,Male,20.219.46.253
783,Englebert,Hindenberger,ehindenbergerlq@slideshare.net,Male,83.149.143.86
784,Lorelei,Smythe,lsmythelr@phoca.cz,Female,50.91.212.65
785,Dru,Walasik,dwalasikls@geocities.com,Male,190.134.82.171
786,Klaus,Norwood,knorwoodlt@linkedin.com,Male,121.82.100.64
787,Greg,Cayzer,gcayzerlu@gov.uk,Male,44.43.194.180
788,Christean,Skocroft,cskocroftlv@seattletimes.com,Female,26.37.22.189
789,Bonnee,Vanezis,bvanezislw@de.vu,Female,34.137.136.115
790,Ingaborg,Lovstrom,ilovstromlx@census.gov,Female,199.140.242.110
791,Diana,Hessay,dhessayly@mlb.com,Female,178.6.10.246
792,Terrill,Vokes,tvokeslz@nbcnews.com,Male,91.1.158.152
793,Goraud,Waskett,gwaskettm0@ihg.com,Male,244.134.6.85
794,Jemmy,Cattanach,jcattanachm1@census.gov,Female,32.53.217.76
795,Goran,Chaucer,gchaucerm2@quantcast.com,Male,203.203.59.179
796,Skylar,Woolerton,swoolertonm3@answers.com,Male,199.91.23.187
797,Codee,Rodliff,crodliffm4@free.fr,Female,3.88.83.3
798,Port,Syce,psycem5@sbwire.com,Male,158.175.34.95
799,Reggie,Faunt,rfauntm6@nationalgeographic.com,Female,11.240.156.249
800,Niel,Pollock,npollockm7@fotki.com,Male,0.186.200.184
801,Merci,Hachette,mhachettem8@amazon.co.jp,Female,34.66.173.44
802,Sissie,Dalling,sdallingm9@lulu.com,Female,50.46.210.167
803,Westbrook,Roylance,wroylancema@is.gd,Male,208.37.78.16
804,Alex,Treske,atreskemb@sphinn.com,Female,116.91.41.186
805,Christen,MacGovern,cmacgovernmc@ameblo.jp,Female,249.71.53.177
806,Hanson,Stalley,hstalleymd@google.com.br,Male,237.59.224.26
807,Caddric,De Gogay,cdegogayme@google.co.uk,Male,144.252.31.217
808,Christabel,Damrel,cdamrelmf@forbes.com,Female,163.132.78.112
809,Marve,Been,mbeenmg@nih.gov,Male,105.250.6.59
810,Vail,McGurk,vmcgurkmh@altervista.org,Male,81.199.43.246
811,Clyve,Sirr,csirrmi@hugedomains.com,Male,65.153.234.242
812,Syman,De Banke,sdebankemj@state.tx.us,Male,141.251.159.153
813,Flint,Worboys,fworboysmk@wikia.com,Male,174.222.86.232
814,Flynn,Lean,fleanml@bloglines.com,Male,233.186.118.26
815,Janis,Charlet,jcharletmm@msu.edu,Female,237.6.56.60
816,Randie,Janeway,rjanewaymn@theguardian.com,Male,86.53.181.38
817,Justen,Huyton,jhuytonmo@amazon.co.jp,Male,211.122.124.218
818,Gabie,Crinage,gcrinagemp@techcrunch.com,Female,199.71.235.123
819,See,Braywood,sbraywoodmq@globo.com,Male,4.46.235.51
820,Evelina,Valente,evalentemr@unc.edu,Female,208.141.214.150
821,Ashby,Baudacci,abaudaccims@sun.com,Male,224.112.95.72
822,Ichabod,Kunzler,ikunzlermt@mit.edu,Male,68.141.160.132
823,Ernest,McCrone,emccronemu@unblog.fr,Male,59.115.219.214
824,Melany,Grigoriev,mgrigorievmv@sitemeter.com,Female,112.163.91.242
825,Aubrey,Hallmark,ahallmarkmw@weather.com,Male,160.45.123.62
826,Vale,Kenzie,vkenziemx@ucoz.com,Female,163.177.246.206
827,Justine,Wildash,jwildashmy@thetimes.co.uk,Female,25.56.221.5
828,Micki,Jecks,mjecksmz@wufoo.com,Female,204.12.234.44
829,Elsi,Wrenn,ewrennn0@youtu.be,Female,35.4.247.217
830,Wynne,Swindon,wswindonn1@gov.uk,Female,129.247.160.172
831,Marilyn,Abele,mabelen2@redcross.org,Female,44.156.202.192
832,Monro,Voyce,mvoycen3@cbsnews.com,Male,215.74.188.237
833,Evyn,Baldi,ebaldin4@fda.gov,Non-binary,16.91.68.188
834,Jamaal,Goodlip,jgoodlipn5@ning.com,Male,88.39.104.243
835,Aeriel,Baglan,abaglann6@123-reg.co.uk,Female,255.168.197.227
836,Milly,Leddie,mleddien7@acquirethisname.com,Female,64.32.12.107
837,George,Frossell,gfrosselln8@hatena.ne.jp,Male,247.168.231.100
838,Devi,Dooly,ddoolyn9@bizjournals.com,Female,114.182.99.101
839,Julia,Walicki,jwalickina@engadget.com,Female,139.1.22.39
840,Brian,Baskett,bbaskettnb@jalbum.net,Male,91.42.35.223
841,Elberta,Colkett,ecolkettnc@google.it,Female,187.90.14.226
842,Walsh,Alessandrelli,walessandrellind@sfgate.com,Male,232.87.251.202
843,Ashley,Winkett,awinkettne@devhub.com,Female,156.227.127.183
844,Tiphanie,Blasoni,tblasoninf@example.com,Bigender,193.233.168.107
845,Alasteir,Muddle,amuddleng@ftc.gov,Male,5.176.115.149
846,Ronica,Velti,rveltinh@samsung.com,Bigender,48.81.170.197
847,Bill,Glasebrook,bglasebrookni@printfriendly.com,Male,129.39.189.76
848,Sebastian,Horrigan,shorrigannj@businessweek.com,Male,176.246.154.43
849,Hurley,Casiero,hcasieronk@europa.eu,Agender,122.220.242.237
850,Abe,Scullin,ascullinnl@taobao.com,Male,189.34.18.215
851,Welsh,Langrick,wlangricknm@google.it,Male,62.12.172.224
852,Rob,Sailor,rsailornn@furl.net,Male,42.68.167.85
853,Hillary,Nicholas,hnicholasno@shareasale.com,Male,240.249.208.163
854,Phillida,Benedek,pbenedeknp@linkedin.com,Female,197.212.51.90
855,Robenia,Isac,risacnq@github.com,Female,4.235.90.64
856,Frank,Smitheram,fsmitheramnr@netscape.com,Female,245.99.125.34
857,Stanleigh,Ende,sendens@ifeng.com,Male,128.101.237.179
858,Benedetta,De Gouy,bdegouynt@sakura.ne.jp,Agender,111.226.61.154
859,Claribel,Sydall,csydallnu@pinterest.com,Female,3.32.186.152
860,Rosalinde,Craufurd,rcraufurdnv@marriott.com,Female,15.65.63.203
861,Francis,Studdeard,fstuddeardnw@de.vu,Male,83.159.142.9
862,Claus,Le Monnier,clemonniernx@cdbaby.com,Male,19.53.92.165
863,Vilma,Duling,vdulingny@redcross.org,Genderfluid,241.130.247.59
864,Christie,Krugmann,ckrugmannnz@techcrunch.com,Male,59.97.206.173
865,Susann,Murford,smurfordo0@samsung.com,Female,251.3.32.149
866,Francis,McGennis,fmcgenniso1@dropbox.com,Male,205.135.216.234
867,Tersina,Gowing,tgowingo2@hugedomains.com,Female,251.196.197.184
868,Bettina,Blowfield,bblowfieldo3@google.ru,Female,123.71.212.54
869,Rickie,Millsom,rmillsomo4@latimes.com,Male,152.15.185.166
870,Sabrina,Baish,sbaisho5@about.me,Female,17.138.194.108
871,Aleda,Laughlin,alaughlino6@comsenz.com,Female,215.43.224.13
872,Michaelina,Licciardo,mlicciardoo7@cnet.com,Female,166.83.220.34
873,Carmencita,Feld,cfeldo8@cnbc.com,Female,86.239.122.14
874,Adela,Spalls,aspallso9@dropbox.com,Female,100.70.95.177
875,Paquito,Waumsley,pwaumsleyoa@parallels.com,Male,185.158.179.221
876,Nessa,Deering,ndeeringob@boston.com,Female,141.124.114.147
877,Doris,Godridge,dgodridgeoc@ycombinator.com,Female,97.68.63.187
878,Delmar,Mucklestone,dmucklestoneod@pbs.org,Male,204.205.164.67
879,Harcourt,Khalid,hkhalidoe@auda.org.au,Male,87.26.72.150
880,Gabriellia,Guys,gguysof@desdev.cn,Female,24.167.133.48
881,Justino,Linzee,jlinzeeog@ebay.com,Male,152.47.116.238
882,Constance,Forryan,cforryanoh@google.es,Female,166.109.228.164
883,Wilone,Antrack,wantrackoi@mayoclinic.com,Female,157.203.181.53
884,Kacy,Spaice,kspaiceoj@alexa.com,Female,131.19.99.177
885,Inglis,Phibb,iphibbok@smugmug.com,Male,172.74.144.210
886,Willy,Hanton,whantonol@addtoany.com,Male,77.42.98.45
887,Sidoney,Houselee,shouseleeom@artisteer.com,Female,248.234.21.185
888,Bar,Bill,bbillon@dyndns.org,Male,101.136.129.106
889,Izaak,Caulton,icaultonoo@hatena.ne.jp,Male,31.82.153.205
890,Andrej,Rae,araeop@amazon.co.jp,Male,220.241.36.206
891,Antony,Pennycock,apennycockoq@yale.edu,Male,179.69.243.152
892,Jean,Fulkes,jfulkesor@yahoo.co.jp,Male,6.156.12.202
893,Murvyn,Straine,mstraineos@arstechnica.com,Male,12.87.36.117
894,Findley,Delhay,fdelhayot@plala.or.jp,Male,94.209.68.198
895,Ali,Kaiser,akaiserou@ask.com,Male,80.250.14.66
896,Hymie,Welford,hwelfordov@cnbc.com,Male,77.116.8.26
897,Legra,O'Skehan,loskehanow@sakura.ne.jp,Female,114.159.201.216
898,Tito,Le Brun,tlebrunox@unicef.org,Male,243.40.242.205
899,Egan,De Bruyn,edebruynoy@kickstarter.com,Male,115.250.1.192
900,Caroline,Borman,cbormanoz@blog.com,Female,234.83.207.179
901,Josefina,Exley,jexleyp0@earthlink.net,Female,244.179.133.25
902,Aron,Byles,abylesp1@nbcnews.com,Polygender,134.105.138.173
903,Lilian,Keese,lkeesep2@cbslocal.com,Female,153.180.182.36
904,Rhody,Hannant,rhannantp3@baidu.com,Female,187.159.140.214
905,Cy,Ruzic,cruzicp4@qq.com,Male,75.255.105.75
906,Lyda,MacClure,lmacclurep5@csmonitor.com,Female,30.174.16.148
907,Joelle,Cordaroy,jcordaroyp6@123-reg.co.uk,Female,108.187.156.123
908,Cecil,Mockford,cmockfordp7@infoseek.co.jp,Male,133.33.154.250
909,Griff,Baumann,gbaumannp8@facebook.com,Male,232.216.24.202
910,Peggy,Izkovicz,pizkoviczp9@ucla.edu,Female,15.11.154.59
911,Kenon,Powrie,kpowriepa@fastcompany.com,Male,60.144.194.248
912,Dacia,Raubenheim,draubenheimpb@toplist.cz,Agender,43.17.52.29
913,Fanchon,Mowett,fmowettpc@unc.edu,Female,238.218.162.21
914,Nichole,Albinson,nalbinsonpd@ted.com,Female,122.108.227.120
915,Ramona,Appleby,rapplebype@nhs.uk,Female,67.197.252.84
916,Nickola,Reinert,nreinertpf@home.pl,Male,36.210.154.219
917,Roslyn,Joire,rjoirepg@upenn.edu,Female,234.243.240.164
918,Bab,Leadston,bleadstonph@joomla.org,Female,214.236.194.47
919,Gavra,Pollastro,gpollastropi@icio.us,Female,197.140.98.194
920,Wolf,Thurborn,wthurbornpj@arizona.edu,Male,133.2.193.59
921,Malcolm,Straun,mstraunpk@wikia.com,Male,142.231.178.191
922,Matthus,Ashington,mashingtonpl@state.tx.us,Male,13.20.201.136
923,Shelbi,Downes,sdownespm@cyberchimps.com,Female,249.150.182.68
924,Roderick,Slayford,rslayfordpn@dyndns.org,Male,177.109.62.133
925,Casie,Langan,clanganpo@cargocollective.com,Female,139.78.96.200
926,Celestyn,Sneddon,csneddonpp@phoca.cz,Female,143.129.127.254
927,Mitzi,Guidera,mguiderapq@last.fm,Female,133.161.157.14
928,Antonia,O'Glassane,aoglassanepr@amazon.co.uk,Female,86.67.60.137
929,Mirabel,Guppie,mguppieps@cdbaby.com,Female,175.46.187.192
930,Vlad,Atkin,vatkinpt@jigsy.com,Male,130.112.105.199
931,Smith,Scantlebury,sscantleburypu@jigsy.com,Male,22.7.29.201
932,Tamra,Sugars,tsugarspv@nytimes.com,Female,57.222.85.248
933,Orrin,Hallums,ohallumspw@godaddy.com,Male,189.195.117.35
934,Ado,Cromley,acromleypx@feedburner.com,Male,155.57.121.245
935,Rorie,Philliskirk,rphilliskirkpy@wikipedia.org,Bigender,4.165.64.156
936,Gayleen,Luckin,gluckinpz@163.com,Female,164.156.100.166
937,Meir,Huckerbe,mhuckerbeq0@state.gov,Genderqueer,139.252.217.232
938,Devinne,Kain,dkainq1@usatoday.com,Female,255.240.134.239
939,Mariquilla,O'Halleghane,mohalleghaneq2@economist.com,Female,10.191.166.76
940,Janel,Cogdon,jcogdonq3@indiegogo.com,Female,134.9.207.57
941,Stella,Frantzeni,sfrantzeniq4@live.com,Female,198.155.218.61
942,Grace,McGonagle,gmcgonagleq5@mediafire.com,Male,152.40.142.240
943,Bobby,Fouldes,bfouldesq6@prlog.org,Male,160.21.253.170
944,Lothario,Bingham,lbinghamq7@google.cn,Male,246.25.69.72
945,Chucho,Walling,cwallingq8@mapquest.com,Male,101.229.37.229
946,Emily,Bogaert,ebogaertq9@fastcompany.com,Agender,83.64.83.99
947,Ardelia,Edwinson,aedwinsonqa@theatlantic.com,Female,22.200.130.250
948,Hansiain,Ragate,hragateqb@dedecms.com,Male,196.28.148.23
949,Delila,Allsobrook,dallsobrookqc@fc2.com,Female,146.20.187.233
950,Bourke,Parvin,bparvinqd@skyrock.com,Male,207.100.50.95
951,Ailene,Chilles,achillesqe@skype.com,Female,120.79.184.11
952,Michail,McOnie,mmconieqf@intel.com,Male,226.222.156.156
953,Madalena,Rickword,mrickwordqg@macromedia.com,Female,60.142.198.139
954,Cale,Acreman,cacremanqh@deviantart.com,Male,27.37.124.206
955,Solly,Leader,sleaderqi@163.com,Genderqueer,123.118.132.238
956,Alphard,Birth,abirthqj@nifty.com,Male,138.71.100.148
957,Ernest,Giberd,egiberdqk@google.pl,Male,99.101.142.127
958,Bibby,Rivelin,brivelinql@goo.gl,Female,174.29.92.219
959,Dorthy,Yakovich,dyakovichqm@google.com.au,Female,236.17.154.209
960,Celie,Issac,cissacqn@uol.com.br,Female,158.73.213.45
961,Zara,Guilford,zguilfordqo@networksolutions.com,Female,78.55.163.19
962,Free,MacIntyre,fmacintyreqp@wsj.com,Male,232.99.170.233
963,Cyndia,Beyer,cbeyerqq@wordpress.com,Female,42.249.7.14
964,Elicia,Robillart,erobillartqr@macromedia.com,Female,16.186.217.234
965,Wolf,Biffen,wbiffenqs@1und1.de,Male,251.99.130.26
966,Patty,Haensel,phaenselqt@gizmodo.com,Male,207.62.188.19
967,Rubi,Lewton,rlewtonqu@nifty.com,Female,230.82.45.254
968,Felike,Selesnick,fselesnickqv@cbslocal.com,Male,235.247.44.244
969,Hartley,Hallward,hhallwardqw@phpbb.com,Male,206.47.166.52
970,Jess,Petrelluzzi,jpetrelluzziqx@sina.com.cn,Female,75.79.229.245
971,Wandie,Houldey,whouldeyqy@nasa.gov,Female,191.88.74.54
972,Elliot,Keirl,ekeirlqz@typepad.com,Male,200.39.231.40
973,Kristo,Evens,kevensr0@spotify.com,Male,208.188.216.136
974,Fredericka,Raigatt,fraigattr1@e-recht24.de,Female,246.246.140.58
975,Annalee,Orr,aorrr2@elpais.com,Female,80.157.107.61
976,Wye,Meeks,wmeeksr3@shinystat.com,Bigender,160.189.127.210
977,Valerye,Peyzer,vpeyzerr4@biblegateway.com,Genderfluid,48.171.69.217
978,Rollin,Bethell,rbethellr5@yandex.ru,Male,247.154.117.228
979,Addie,Killiam,akilliamr6@nationalgeographic.com,Male,186.62.176.248
980,Roz,Perton,rpertonr7@vinaora.com,Female,5.108.251.88
981,Enoch,Gornal,egornalr8@usnews.com,Male,230.79.19.219
982,Morey,Giral,mgiralr9@latimes.com,Male,248.156.252.203
983,Broderic,Jaksic,bjaksicra@mashable.com,Male,12.28.118.232
984,Wylma,McCooke,wmccookerb@senate.gov,Female,160.71.119.88
985,Horten,Champken,hchampkenrc@123-reg.co.uk,Male,44.153.77.134
986,Dody,Edmenson,dedmensonrd@google.com.au,Female,33.48.161.205
987,Melinda,Wannan,mwannanre@live.com,Female,155.109.195.231
988,Francis,Dunbobbin,fdunbobbinrf@fda.gov,Male,97.164.96.67
989,Sean,Wakefield,swakefieldrg@wordpress.org,Male,45.12.6.31
990,Howard,Bruhnsen,hbruhnsenrh@ihg.com,Male,158.143.6.110
991,Louisa,Jenkins,ljenkinsri@sitemeter.com,Female,108.0.159.99
992,Gerrilee,Harrowsmith,gharrowsmithrj@google.ca,Agender,182.74.48.33
993,Dusty,Rangle,dranglerk@bluehost.com,Female,242.88.255.126
994,Barrett,Eccleshare,becclesharerl@theatlantic.com,Male,216.176.176.239
995,Felita,Letertre,fletertrerm@army.mil,Female,235.221.246.19
996,Leland,Gartan,lgartanrn@networksolutions.com,Male,54.74.221.125
997,Tiebold,Bevington,tbevingtonro@senate.gov,Male,237.95.8.154
998,Bartholemy,Eslie,beslierp@chronoengine.com,Male,146.255.73.110
999,Scarface,Arro,sarrorq@multiply.com,Agender,93.160.152.105
1000,Obidiah,Yanshin,oyanshinrr@usa.gov,Male,225.50.249.195
